{
  "counter#1": [
    [
      -0.012952757112588364,
      5.846337618731629,
      -0.0014999999999998348
    ],
    [
      1.1842239716734986,
      9.44617721916778,
      2.8343452016557182
    ]
  ],
  "braiserlid#1": [
    [
      0.3931335274831741,
      7.693531719330591,
      0.7752584051786545
    ],
    [
      0.73705393728493,
      8.037452129132348,
      0.847887706279624
    ]
  ],
  "braiserbody#1": [
    [
      0.4604708256721495,
      8.73523395949602,
      0.8332153640091418
    ],
    [
      0.9375079205632211,
      9.059451968431473,
      1.0155741669237615
    ]
  ],
  "oven#1": [
    [
      0.11190261161303522,
      7.639276015832526,
      -0.14931506467707678
    ],
    [
      0.8132853382329913,
      8.40813425711652,
      1.0549184000739387
    ]
  ],
  "basin#1": [
    [
      0.29603912368830976,
      5.244296508398869,
      -0.0014999999999999458
    ],
    [
      0.7645084964120386,
      5.947098684027597,
      0.8602880350262785
    ]
  ],
  "faucet#1": [
    [
      0.19401177739073983,
      5.334758217663603,
      0.8602754840336821
    ],
    [
      0.44273777895142796,
      5.852782801003293,
      1.3060831900321028
    ]
  ],
  "fridge#1": [
    [
      0.19964807142980118,
      4.588358753174951,
      -0.0014999999999998348
    ],
    [
      1.3744521891204342,
      5.473021492172461,
      1.9708254158442702
    ]
  ],
  "chicken-leg": [
    [
      0.5921663526330059,
      4.803946181106131,
      1.3700364057540892
    ],
    [
      0.7714877893450116,
      4.929080588766752,
      1.4330814310073854
    ]
  ],
  "salt-shaker": [
    [
      0.7434260777235031,
      7.042869799494743,
      1.1023277512788774
    ],
    [
      0.7989394777417183,
      7.098383199512958,
      1.201960701584816
    ]
  ],
  "pepper-shaker": [
    [
      0.7289596993923187,
      7.26639757347107,
      1.1063916356563568
    ],
    [
      0.800620998620987,
      7.338058872699738,
      1.2216619350910185
    ]
  ]
}