{"../assets/models/counter/urdf/kitchen_part_right_gen_convex.urdf": 1.0267332606417023, "../assets/models/Oven/01909/mobility.urdf": 0.8271591725054792, "../assets/models/DishWasher/2085/mobility.urdf": 0.6882863087278288, "../assets/models/Basin/102379/mobility.urdf": 0.5329707285452492, "../assets/models/Fridge/10144/mobility.urdf": 1.0927426569122698, "../assets/models/oven/01909/mobility.urdf": 0.8271591725054792, "../assets/models/dishwasher/2085/mobility.urdf": 0.6882863087278288, "../assets/models/basin/102379/mobility.urdf": 0.5329707285452492, "../assets/models/fridge/10144/mobility.urdf": 1.0927426569122698}