{"../assets/models/counter/urdf/kitchen_part_right_gen_convex.urdf": 1.0267332606417023, "../assets/models/Oven/01909/mobility.urdf": 0.8271591725054792, "../assets/models/Dishwasher/2085/mobility.urdf": 0.6882863087278288, "../assets/models/Basin/102379/mobility.urdf": 0.5329707285452492, "../assets/models/Fridge/10144/mobility.urdf": 1.0927426569122698, "../assets/models/oven/01909/mobility.urdf": 0.8271591725054792, "../assets/models/dishwasher/2085/mobility.urdf": 0.6882863087278288, "../assets/models/basin/102379/mobility.urdf": 0.5329707285452492, "../assets/models/fridge/10144/mobility.urdf": 1.0927426569122698, "../assets/models/DishWasher/2085/mobility.urdf": 0.699244877963684, "../assets/models/KitchenCounter/26657/mobility.urdf": 1.283012461660336, "../assets/models/KitchenCounter/25959/mobility.urdf": 1.2904226134656742, "../../../kitchen-worlds/assets/models/KitchenCounter/32354/mobility.urdf": 1.2874875015121372, "../../../kitchen-worlds/assets/models/MiniFridge/11178/mobility.urdf": 0.5067052921594594, "../../../kitchen-worlds/assets/models/KitchenCounter/25959/mobility.urdf": 1.6961897892461275, "../../../kitchen-worlds/assets/models/KitchenCounter/24152/mobility.urdf": 1.2985297466415655, "../../../kitchen-worlds/assets/models/KitchenCounter/26800/mobility.urdf": 1.287391475393546, "../../../kitchen-worlds/assets/models/KitchenCounter/32052/mobility.urdf": 1.2829219682480784, "../../../kitchen-worlds/assets/models/counter/urdf/kitchen_part_right_gen_convex.urdf": 1.0267332606417023, "../../../kitchen-worlds/assets/models/Oven/01909/mobility.urdf": 0.8271591725054792, "../../../kitchen-worlds/assets/models/KitchenCounter/26608/mobility.urdf": 1.2896137653943989, "../../../kitchen-worlds/assets/models/KitchenCounter/30238/mobility.urdf": 1.2833651411905798, "../../../kitchen-worlds/assets/models/KitchenCounter/26657/mobility.urdf": 1.283012461660336, "../../../kitchen-worlds/assets/models/KitchenCounter/32932/mobility.urdf": 0.9766292505847013, "../../../kitchen-worlds/assets/models/MiniFridge/11231/mobility.urdf": 0.5285143240852483, "../../../kitchen-worlds/assets/models/MiniFridge/10797/mobility.urdf": 0.5246576022619553, "../../../kitchen-worlds/assets/models/MiniFridge/12249/mobility.urdf": 0.5383514921309226, "../../../kitchen-worlds/assets/models/MiniFridge/12252/mobility.urdf": 0.5209819072641593, "../../../kitchen-worlds/assets/models/MiniFridge/11709/mobility.urdf": 0.5232239601456162, "../../../kitchen-worlds/assets/models/MiniFridge/10849/mobility.urdf": 0.5338401365242885, "../../../kitchen-worlds/assets/models/KitchenCounter/33457/mobility.urdf": 1.5062055435044395, "../assets/models/KitchenCounter/30238/mobility.urdf": 1.2833651411905798, "../assets/models/MiniFridge/10797/mobility.urdf": 0.5246576022619553, "../assets/models/KitchenCounter/32932/mobility.urdf": 1.2821915637185985, "../assets/models/MiniFridge/10849/mobility.urdf": 0.5338401365242885, "../assets/models/KitchenCounter/26800/mobility.urdf": 1.287391475393546, "../assets/models/MiniFridge/11231/mobility.urdf": 0.5285143240852483, "../assets/models/KitchenCounter/24152/mobility.urdf": 1.2985297466415655, "../assets/models/MiniFridge/11709/mobility.urdf": 0.5232239601456162, "../assets/models/KitchenCounter/32052/mobility.urdf": 1.2829219682480784, "../assets/models/KitchenCounter/32354/mobility.urdf": 1.2874875015121372, "../assets/models/KitchenCounter/33457/mobility.urdf": 1.2882391343103623, "../../../kitchen-worlds/assets/models/KitchenCounter/26387/mobility.urdf": 1.2878441760420327, "../assets/models/KitchenCounter/26608/mobility.urdf": 1.2896137653943989, "../assets/models/KitchenCounter/26387/mobility.urdf": 1.2878441760420327}