{"../assets/models/counter/urdf/kitchen_part_right_gen_convex.urdf": 1.0267332606417023, "../assets/models/Oven/01909/mobility.urdf": 0.8271591725054792, "../assets/models/Dishwasher/2085/mobility.urdf": 0.6882863087278288, "../assets/models/Basin/102379/mobility.urdf": 0.5329707285452492, "../assets/models/Fridge/10144/mobility.urdf": 1.0927426569122698, "../assets/models/oven/01909/mobility.urdf": 0.8271591725054792, "../assets/models/dishwasher/2085/mobility.urdf": 0.6882863087278288, "../assets/models/basin/102379/mobility.urdf": 0.5329707285452492, "../assets/models/fridge/10144/mobility.urdf": 1.0927426569122698, "../assets/models/DishWasher/2085/mobility.urdf": 0.699244877963684, "../assets/models/KitchenCounter/26657/mobility.urdf": 0.8157386527526952, "../assets/models/KitchenCounter/25959/mobility.urdf": 1.31925872496921, "../assets/models/KitchenCounter/33457/mobility.urdf": 1.5062055435044395, "../assets/models/MiniFridge/11178/mobility.urdf": 5.724415204804399, "../assets/models/KitchenCounter/32932/mobility.urdf": 0.9766292505847013, "../assets/models/MiniFridge/10797/mobility.urdf": 5.553915088665096}
