{"../assets/models/counter/urdf/kitchen_part_right_gen_convex.urdf": 1.0267332606417023, "../assets/models/Oven/01909/mobility.urdf": 0.8271591725054792, "../assets/models/Dishwasher/2085/mobility.urdf": 0.6882863087278288, "../assets/models/Basin/102379/mobility.urdf": 0.5329707285452492, "../assets/models/Fridge/10144/mobility.urdf": 1.0927426569122698, "../assets/models/oven/01909/mobility.urdf": 0.8271591725054792, "../assets/models/dishwasher/2085/mobility.urdf": 0.6882863087278288, "../assets/models/basin/102379/mobility.urdf": 0.5329707285452492, "../assets/models/fridge/10144/mobility.urdf": 1.0927426569122698, "../assets/models/DishWasher/2085/mobility.urdf": 0.699244877963684, "../assets/models/KitchenCounter/26657/mobility.urdf": 0.8157386527526952, "../assets/models/KitchenCounter/25959/mobility.urdf": 1.31925872496921, "../../../kitchen-worlds/assets/models/KitchenCounter/32354/mobility.urdf": 1.4406569760503463, "../../../kitchen-worlds/assets/models/MiniFridge/11178/mobility.urdf": 4.770346004003666, "../../../kitchen-worlds/assets/models/KitchenCounter/25959/mobility.urdf": 1.6961897892461275, "../../../kitchen-worlds/assets/models/KitchenCounter/24152/mobility.urdf": 2.396000251860111, "../../../kitchen-worlds/assets/models/KitchenCounter/26800/mobility.urdf": 1.4322771941404895, "../../../kitchen-worlds/assets/models/KitchenCounter/32052/mobility.urdf": 1.0408547208123955, "../../../kitchen-worlds/assets/models/counter/urdf/kitchen_part_right_gen_convex.urdf": 1.0267332606417023, "../../../kitchen-worlds/assets/models/Oven/01909/mobility.urdf": 0.8271591725054792, "../../../kitchen-worlds/assets/models/KitchenCounter/26608/mobility.urdf": 1.6258870380410686, "../../../kitchen-worlds/assets/models/KitchenCounter/30238/mobility.urdf": 1.0797878892159403}